url,label
http://183.250.148.161/secure/signin,1
https://developer.mozilla.org/account,0
https://vercel.app/user/profile,0
https://accounts.google.com/careers,0
http://bit.ly/2uyc7d,1
https://accounts.google.com/settings,0
https://salesforce.com/docs/getting-started,0
https://paypal.com/pricing,0
http://cutt.ly/fwmw4s,1
https://web.whatsapp.com/pricing,0
http://128.244.89.134/verify-account,1
https://promo982.atlassian.com/dashboard,0
https://web.whatsapp.com/user/profile,0
http://wellsfargo-update-secure.gq/confirm,1
https://spotify.com/pricing,0
http://wellsfargo-account-signin.top/confirm,1
https://notion.so/about,0
https://amazon.com/careers,0
http://facebook79-signin.info/signin,1
http://cutt.ly/8jz6mp,1
https://microsoft-support.cf/case/45629,1
http://cutt.ly/wpryqf,1
https://chase-support.ml/case/74629,1
https://nytimes.com/blog/2026/update,0
http://5.32.238.220/update.html,1
https://nytimes.com/login,0
http://bit.ly/xt8qyq,1
https://docs.google.com/docs/getting-started,0
https://outlook.office.com/docs/getting-started,0
http://56.11.237.16/secure/signin,1
http://tinyurl.com/52ufk3,1
https://salesforce.com/about,0
http://bit.ly/z862sa,1
https://figma.com/blog/2026/update,0
https://netflix-support.tk/case/12651,1
http://155.197.158.245/secure/signin,1
https://docs.google.com/support/contact,0
https://amazon-support.gq/case/31292,1
http://117.131.93.15/update.html,1
http://cutt.ly/qakd5y,1
http://cutt.ly/i7m8ka,1
http://wellsfargo-update-verify.work/confirm,1
https://atlassian.com/settings,0
http://115.62.232.165/secure/signin,1
https://promo350.mozilla.org/api/v1/status,0
https://bit.ly/c3uxgg7,0
http://cutt.ly/2rsuit,1
http://bankofamerica53-update.info/update,1
http://apple38-account.info/account,1
http://wellsfargo-account-signin.xyz/confirm,1
https://promo857.salesforce.com/settings,0
https://docs.google.com/about,0
https://web.whatsapp.com/careers,0
http://microsoft69-verify.info/verify,1
http://outlook-verify-secure.gq/confirm,1
https://paypal.com/login,0
http://apple-account-signin.gq/confirm,1
http://instagram91-secure.info/secure,1
http://bit.ly/ufnejr,1
https://salesforce.com/dashboard,0
http://wellsfargo46-login.info/login,1
http://chase-secure-signin.work/confirm,1
https://promo421.amazon.com/careers,0
https://outlook.office.com/account,0
http://35.66.123.197/update.html,1
https://reddit.com/settings,0
https://github.com/blog/2026/update,0
https://amazon.com/signin,0
https://paypal.com/,0
https://outlook-support.top/case/23453,1
https://vercel.app/dashboard,0
https://apple-support.loan/case/85513,1
http://bit.ly/hv8yyi,1
https://accounts.google.com/api/v1/status,0
http://cutt.ly/jcb8qs,1
https://outlook.office.com/pricing,0
http://coinbase73-signin.info/signin,1
https://bit.ly/zxtiwdp,0
https://apple-support.tk/case/17113,1
https://pypi.org/blog/2026/update,0
https://bit.ly/7p47b43,0
https://stripe.com/,0
https://vercel.app/signin,0
https://promo776.vercel.app/user/profile,0
https://cloudflare.com/support/contact,0
https://wikipedia.org/user/profile,0
https://netflix-support.country/case/45200,1
http://apple-secure-confirm.country/confirm,1
https://npmjs.com/support/contact,0
http://outlook7-update.info/update,1
https://docs.google.com/pricing,0
http://bankofamerica54-confirm.info/confirm,1
https://web.whatsapp.com/account,0
https://pypi.org/docs/getting-started,0
https://bankofamerica-support.work/case/63194,1
http://173.31.137.2/update.html,1
https://github.com/,0
https://dropbox.com/settings,0
https://outlook-support.click/case/15235,1
https://salesforce.com/support/contact,0
http://cutt.ly/vv2y5x,1
https://vercel.app/docs/getting-started,0
http://tinyurl.com/ssrjwk,1
http://wellsfargo-secure-login.work/confirm,1
http://83.62.85.249/update.html,1
https://drive.google.com/api/v1/status,0
http://53.193.139.9/secure/signin,1
https://paypal.com/docs/getting-started,0
https://facebook-support.click/case/86368,1
https://promo984.cloudflare.com/dashboard,0
https://slack.com/api/v1/status,0
https://microsoft.com/signin,0
http://instagram1-login.info/login,1
https://promo617.mozilla.org/login,0
https://developer.mozilla.org/settings,0
http://166.141.19.75/update.html,1
http://chase29-account.info/account,1
https://netflix.com/dashboard,0
https://readthedocs.io/support/contact,0
https://wikipedia.org/,0
https://web3.storage/login,0
https://promo388.docs.google.com/account,0
http://cutt.ly/bwf555,1
https://reddit.com/docs/getting-started,0
http://100.107.245.202/update.html,1
http://netflix36-confirm.info/confirm,1
https://promo419.notion.so/settings,0
https://spotify.com/docs/getting-started,0
https://promo923.mail.google.com/pricing,0
https://google.com/settings,0
https://atlassian.com/about,0
https://apple-support.cf/case/43029,1
http://coinbase-account-suspended.tk/confirm,1
https://promo131.microsoft.com/api/v1/status,0
http://apple-verify-update.xyz/confirm,1
https://mail.google.com/user/profile,0
https://dropbox.com/account,0
http://chase97-signin.info/signin,1
http://cutt.ly/xn28pa,1
https://linkedin.com/signin,0
http://bankofamerica-verify-confirm.country/confirm,1
https://bit.ly/vybznhg,0
https://outlook-support.country/case/17589,1
http://microsoft24-account.info/account,1
https://paypal-support.xyz/case/46670,1
https://salesforce.com/,0
http://pypi.org/support/contact,0
https://linkedin.com/pricing,0
http://wellsfargo82-signin.info/signin,1
https://chase.com/api/v1/status,0
https://npmjs.com/pricing,0
https://slack.com/login,0
https://reddit.com/blog/2026/update,0
https://drive.google.com/account,0
http://bit.ly/a984tv,1
https://bit.ly/a3hkfbz,0
https://npmjs.com/dashboard,0
http://bankofamerica96-update.info/update,1
https://microsoft.com/user/profile,0
https://facebook-support.work/case/49179,1
https://reddit.com/signin,0
http://amazon92-signin.info/signin,1
http://bit.ly/3ftnm6,1
http://242.168.43.156/update.html,1
https://mail.google.com/login,0
https://reddit.com/,0
https://instagram-support.gq/case/80088,1
https://outlook.office.com/login,0
http://microsoft87-login.info/login,1
http://microsoft-secure-login.xyz/confirm,1
https://chase-support.xyz/case/77070,1
http://bit.ly/jvyrfn,1
https://promo646.mozilla.org/dashboard,0
http://cutt.ly/im3c8q,1
http://172.221.126.136/secure/signin,1
https://readthedocs.io/account,0
https://zoom.us/support/contact,0
https://wikipedia.org/settings,0
https://npmjs.com/signin,0
https://mozilla.org/api/v1/status,0
https://promo161.wikipedia.org/docs/getting-started,0
http://bit.ly/uhinwp,1
https://notion.so/settings,0
http://72.143.68.34/update.html,1
http://112.71.108.77/verify-account,1
http://43.249.245.198/login.php,1
http://230.43.127.36/login.php,1
https://chase-support.click/case/84233,1
https://nytimes.com/api/v1/status,0
https://readthedocs.io/about,0
https://wikipedia.org/blog/2026/update,0
http://tinyurl.com/9kw3qh,1
https://apple-support.work/case/11388,1
http://outlook22-signin.info/signin,1
http://paypal-account-login.tk/confirm,1
http://outlook-verify-secure.country/confirm,1
https://dropbox.com/pricing,0
http://paypal71-update.info/update,1
http://205.224.138.48/login.php,1
https://github.com/signin,0
https://cloudflare.com/dashboard,0
http://bit.ly/wdrkcm,1
http://amazon-update-account.ml/confirm,1
https://adobe.com/dashboard,0
http://217.112.166.201/update.html,1
https://promo169.web3.storage/login,0
http://bankofamerica40-suspended.info/suspended,1
http://outlook.office.com/pricing,0
https://wikipedia.org/careers,0
http://outlook-secure-verify.work/confirm,1
https://docs.google.com/user/profile,0
http://amazon24-signin.info/signin,1
http://instagram92-secure.info/secure,1
https://promo146.developer.mozilla.org/,0
https://figma.com/api/v1/status,0
https://amazon-support.click/case/49932,1
https://web3.storage/api/v1/status,0
http://chase50-verify.info/verify,1
https://bit.ly/mjw9cvn,0
http://apple-secure-secure.country/confirm,1
https://bit.ly/kxnfqev,0
http://amazon68-update.info/update,1
https://drive.google.com/dashboard,0
https://nytimes.com/support/contact,0
https://teams.microsoft.com/api/v1/status,0
https://figma.com/about,0
http://96.178.37.131/verify-account,1
http://microsoft-account-secure.top/confirm,1
https://apple.com/settings,0
https://microsoft.com/docs/getting-started,0
http://amazon-login-verify.loan/confirm,1
https://promo240.web3.storage/docs/getting-started,0
https://spotify.com/support/contact,0
http://wellsfargo34-login.info/login,1
https://figma.com/pricing,0
http://133.233.203.93/verify-account,1
https://dropbox.com/api/v1/status,0
https://mozilla.org/account,0
http://chase-login-verify.loan/confirm,1
http://86.216.159.98/update.html,1
https://mail.google.com/,0
http://bit.ly/w3393m,1
https://web3.storage/docs/getting-started,0
http://254.71.164.84/secure/signin,1
http://171.232.167.43/secure/signin,1
https://chase.com/docs/getting-started,0
http://2.242.79.114/login.php,1
http://netflix-secure-verify.loan/confirm,1
https://netflix.com/settings,0
https://dropbox.com/login,0
http://instagram-login-login.click/confirm,1
https://linkedin.com/docs/getting-started,0
https://figma.com/careers,0
https://stripe.com/signin,0
http://wellsfargo-update-signin.ml/confirm,1
https://adobe.com/api/v1/status,0
http://amazon-verify-suspended.cf/confirm,1
https://amazon.com/blog/2026/update,0
http://bankofamerica63-signin.info/signin,1
http://outlook15-suspended.info/suspended,1
https://figma.com/signin,0
http://outlook38-signin.info/signin,1
http://cutt.ly/qv2v56,1
https://adobe.com/,0
http://110.167.150.65/verify-account,1
http://amazon33-account.info/account,1
http://cutt.ly/acx25p,1
https://cloudflare.com/user/profile,0
http://outlook-account-update.loan/confirm,1
http://zoom.us/login,0
http://facebook73-secure.info/secure,1
http://232.66.165.60/login.php,1
https://netflix.com/support/contact,0
https://microsoft.com/,0
https://paypal.com/blog/2026/update,0
https://facebook-support.xyz/case/55603,1
http://tinyurl.com/e5fck9,1
https://paypal.com/signin,0
http://chase-update-signin.xyz/confirm,1
https://chase-support.cf/case/86923,1
http://chase-login-suspended.gq/confirm,1
http://tinyurl.com/dctv35,1
http://15.208.254.121/secure/signin,1
http://tinyurl.com/pxxcv3,1
http://145.200.26.202/login.php,1
https://promo638.apple.com/about,0
https://docs.google.com/api/v1/status,0
http://246.19.96.181/secure/signin,1
https://facebook-support.click/case/58193,1
http://tinyurl.com/ym9cde,1
https://promo907.spotify.com/dashboard,0
https://microsoft-support.click/case/24230,1
http://54.208.189.151/verify-account,1
http://13.99.113.188/login.php,1
https://instagram-support.xyz/case/99921,1
https://instagram-support.cf/case/95089,1
https://slack.com/user/profile,0
http://cutt.ly/6f398c,1
http://58.178.225.89/verify-account,1
http://apple21-secure.info/secure,1
http://apple-verify-login.tk/confirm,1
https://bit.ly/hx5ua24,0
http://wellsfargo-secure-verify.top/confirm,1
https://wellsfargo-support.click/case/38752,1
https://paypal-support.loan/case/26150,1
https://mozilla.org/dashboard,0
http://netflix2-suspended.info/suspended,1
https://salesforce.com/careers,0
http://coinbase53-account.info/account,1
http://56.248.110.212/update.html,1
https://apple-support.click/case/42477,1
https://adobe.com/careers,0
https://adobe.com/settings,0
http://bit.ly/nzjfay,1
http://amazon-verify-secure.top/confirm,1
http://cutt.ly/sppeu2,1
http://apple35-suspended.info/suspended,1
http://microsoft-secure-update.country/confirm,1
http://170.247.34.61/update.html,1
https://netflix.com/blog/2026/update,0
http://drive.google.com/about,0
http://233.29.214.147/login.php,1
https://web3.storage/settings,0
http://170.166.44.85/verify-account,1
https://bit.ly/2wiztpa,0
http://wellsfargo-update-login.loan/confirm,1
https://bit.ly/3bme7kp,0
https://apple-support.top/case/16021,1
http://59.241.206.124/update.html,1
https://wellsfargo-support.loan/case/76086,1
http://wellsfargo-login-secure.click/confirm,1
https://nytimes.com/about,0
http://facebook93-update.info/update,1
https://paypal-support.click/case/85220,1
http://facebook-verify-update.gq/confirm,1
http://paypal86-update.info/update,1
https://microsoft.com/pricing,0
https://accounts.google.com/user/profile,0
https://cloudflare.com/careers,0
http://coinbase90-account.info/account,1
http://facebook-login-account.top/confirm,1
https://spotify.com/careers,0
http://amazon-login-update.tk/confirm,1
http://instagram-verify-confirm.loan/confirm,1
http://163.171.179.92/update.html,1
https://stripe.com/pricing,0
http://vercel.app/support/contact,0
https://slack.com/support/contact,0
https://mail.google.com/api/v1/status,0
http://bit.ly/si9a4x3,0
https://readthedocs.io/blog/2026/update,0
http://bankofamerica-secure-update.ml/confirm,1
http://bit.ly/kpq3wf,1
https://dropbox.com/about,0
https://promo381.apple.com/dashboard,0
https://adobe.com/docs/getting-started,0
https://promo473.readthedocs.io/signin,0
https://developer.mozilla.org/login,0
https://cloudflare.com/blog/2026/update,0
https://outlook.office.com/settings,0
http://chase-verify-signin.tk/confirm,1
https://slack.com/blog/2026/update,0
http://104.98.97.142/login.php,1
https://web.whatsapp.com/support/contact,0
http://tinyurl.com/4rs7fu,1
http://chase-verify-account.ml/confirm,1
http://facebook-verify-secure.work/confirm,1
http://amazon-secure-secure.country/confirm,1
https://chase-support.top/case/23272,1
https://developer.mozilla.org/,0
https://chase.com/signin,0
http://facebook-login-login.tk/confirm,1
http://wellsfargo-login-suspended.work/confirm,1
http://bit.ly/sefcwg,1
http://tinyurl.com/ut75pb,1
https://notion.so/user/profile,0
https://microsoft.com/account,0
http://bit.ly/97e5um,1
http://55.231.223.178/verify-account,1
http://197.152.55.233/update.html,1
https://wellsfargo-support.work/case/82105,1
http://250.207.40.138/verify-account,1
http://outlook-account-account.tk/confirm,1
http://netflix4-secure.info/secure,1
https://web.whatsapp.com/blog/2026/update,0
http://147.152.42.35/verify-account,1
http://coinbase56-verify.info/verify,1
https://promo561.figma.com/about,0
https://netflix-support.xyz/case/21851,1
http://wellsfargo61-verify.info/verify,1
http://amazon15-suspended.info/suspended,1
https://atlassian.com/dashboard,0
http://7.98.38.14/login.php,1
https://microsoft-support.xyz/case/81733,1
http://108.170.26.170/secure/signin,1
http://outlook36-update.info/update,1
https://atlassian.com/signin,0
http://microsoft63-suspended.info/suspended,1
https://chase.com/careers,0
https://mozilla.org/careers,0
http://bit.ly/438w6t,1
https://microsoft.com/settings,0
https://drive.google.com/settings,0
https://github.com/careers,0
https://web.whatsapp.com/settings,0
https://adobe.com/pricing,0
https://mail.google.com/careers,0
https://microsoft-support.top/case/86418,1
https://dropbox.com/support/contact,0
http://chase91-verify.info/verify,1
http://185.179.116.82/update.html,1
http://netflix51-account.info/account,1
https://salesforce.com/blog/2026/update,0
https://paypal-support.gq/case/67637,1
http://amazon-login-login.xyz/confirm,1
http://cutt.ly/5ez8b2,1
http://202.222.148.167/update.html,1
https://teams.microsoft.com/signin,0
http://outlook-verify-verify.gq/confirm,1
http://netflix71-suspended.info/suspended,1
http://coinbase2-login.info/login,1
http://amazon-account-account.loan/confirm,1
https://promo432.adobe.com/settings,0
http://12.121.94.99/verify-account,1
https://wellsfargo-support.loan/case/68733,1
http://183.167.203.10/secure/signin,1
http://coinbase73-secure.info/secure,1
https://teams.microsoft.com/support/contact,0
https://netflix-support.gq/case/70853,1
http://microsoft74-suspended.info/suspended,1
http://chase-account-login.xyz/confirm,1
https://github.com/settings,0
https://microsoft-support.country/case/20332,1
http://bit.ly/zth33j,1
http://apple-account-confirm.country/confirm,1
https://zoom.us/login,0
https://outlook.office.com/blog/2026/update,0
https://vercel.app/account,0
http://234.34.166.45/update.html,1
http://outlook12-verify.info/verify,1
https://promo190.netflix.com/support/contact,0
https://slack.com/about,0
https://slack.com/settings,0
https://docs.google.com/login,0
http://bankofamerica58-update.info/update,1
https://accounts.google.com/blog/2026/update,0
https://slack.com/,0
https://microsoft-support.top/case/83024,1
http://134.221.233.130/verify-account,1
http://netflix74-suspended.info/suspended,1
https://linkedin.com/about,0
http://77.224.9.116/verify-account,1
https://promo590.slack.com/blog/2026/update,0
http://138.213.180.225/verify-account,1
https://reddit.com/user/profile,0
https://nytimes.com/docs/getting-started,0
http://instagram-login-login.loan/confirm,1
https://bankofamerica-support.xyz/case/23168,1
https://figma.com/support/contact,0
https://netflix-support.tk/case/27603,1
http://outlook-verify-secure.work/confirm,1
https://spotify.com/about,0
https://chase-support.gq/case/41722,1
http://bit.ly/fh4gf3,1
http://31.244.194.115/verify-account,1
https://spotify.com/signin,0
http://wellsfargo56-account.info/account,1
http://wellsfargo71-signin.info/signin,1
http://wellsfargo58-suspended.info/suspended,1
http://apple-verify-account.ml/confirm,1
http://175.110.45.91/update.html,1
http://cutt.ly/7txjdn,1
http://bankofamerica-secure-secure.loan/confirm,1
https://zoom.us/account,0
https://promo878.apple.com/user/profile,0
http://tinyurl.com/mukiav,1
https://docs.google.com/settings,0
http://218.195.228.12/login.php,1
https://bit.ly/bsh9ma7,0
https://nytimes.com/account,0
http://229.5.218.130/login.php,1
https://chase.com/pricing,0
https://teams.microsoft.com/login,0
https://apple-support.country/case/10358,1
https://accounts.google.com/docs/getting-started,0
https://salesforce.com/signin,0
https://notion.so/blog/2026/update,0
https://amazon-support.xyz/case/62802,1
https://coinbase-support.gq/case/93105,1
http://135.57.245.48/secure/signin,1
http://64.202.57.183/secure/signin,1
https://accounts.google.com/account,0
https://github.com/docs/getting-started,0
https://developer.mozilla.org/about,0
http://facebook-verify-suspended.top/confirm,1
http://instagram32-verify.info/verify,1
http://wellsfargo-login-signin.work/confirm,1
https://zoom.us/pricing,0
http://151.181.235.37/verify-account,1
http://27.181.248.134/secure/signin,1
http://netflix-account-verify.click/confirm,1
http://41.137.57.35/update.html,1
https://amazon.com/user/profile,0
http://facebook68-verify.info/verify,1
http://coinbase-update-verify.tk/confirm,1
http://web3.storage/about,0
https://atlassian.com/login,0
http://wellsfargo30-verify.info/verify,1
https://amazon.com/settings,0
https://facebook-support.xyz/case/54113,1
https://wellsfargo-support.country/case/87436,1
https://apple-support.tk/case/26805,1
https://pypi.org/dashboard,0
http://amazon-account-secure.xyz/confirm,1
https://slack.com/account,0
https://readthedocs.io/api/v1/status,0
http://chase34-update.info/update,1
https://amazon-support.tk/case/42990,1
https://microsoft-support.ml/case/96602,1
https://outlook-support.ml/case/75028,1
http://cutt.ly/ag44hq,1
http://bit.ly/6ef7sn,1
http://166.28.174.205/secure/signin,1
https://facebook-support.work/case/56934,1
https://bankofamerica-support.tk/case/24125,1
http://tinyurl.com/empjxv,1
http://27.81.95.226/login.php,1
http://mozilla.org/pricing,0
https://teams.microsoft.com/about,0
http://spotify.com/dashboard,0
https://apple.com/api/v1/status,0
https://coinbase-support.ml/case/58546,1
https://outlook-support.cf/case/65278,1
http://facebook88-confirm.info/confirm,1
http://cutt.ly/bxxfae,1
http://bankofamerica29-suspended.info/suspended,1
http://chase.com/account,0
https://promo824.apple.com/about,0
https://github.com/pricing,0
http://bit.ly/u5xtnz,1
http://facebook37-verify.info/verify,1
https://outlook.office.com/support/contact,0
https://web3.storage/careers,0
https://mail.google.com/about,0
https://web3.storage/user/profile,0
https://github.com/support/contact,0
http://facebook-update-secure.gq/confirm,1
http://outlook-update-login.top/confirm,1
http://cutt.ly/imz5zd,1
http://wellsfargo94-confirm.info/confirm,1
https://amazon.com/support/contact,0
http://12.208.182.30/secure/signin,1
http://facebook91-suspended.info/suspended,1
http://161.79.186.180/update.html,1
http://apple-login-confirm.gq/confirm,1
http://facebook87-verify.info/verify,1
https://atlassian.com/support/contact,0
https://microsoft-support.top/case/14944,1
http://outlook53-verify.info/verify,1
https://promo911.drive.google.com/support/contact,0
https://accounts.google.com/pricing,0
https://zoom.us/user/profile,0
http://bankofamerica91-login.info/login,1
https://npmjs.com/account,0
https://linkedin.com/settings,0
http://microsoft-login-suspended.xyz/confirm,1
https://coinbase-support.top/case/99417,1
http://tinyurl.com/zhm992,1
https://npmjs.com/careers,0
http://amazon16-account.info/account,1
http://14.26.112.60/secure/signin,1
http://21.253.175.112/update.html,1
http://2.147.153.101/login.php,1
https://drive.google.com/signin,0
http://paypal34-account.info/account,1
http://netflix62-verify.info/verify,1
https://notion.so/pricing,0
http://bit.ly/vbd4bd,1
http://166.156.21.216/verify-account,1
http://instagram93-secure.info/secure,1
https://netflix-support.country/case/32099,1
https://netflix-support.top/case/41370,1
http://tinyurl.com/299dxi,1
https://cloudflare.com/docs/getting-started,0
https://paypal.com/support/contact,0
https://adobe.com/about,0
http://amazon30-login.info/login,1
https://figma.com/user/profile,0
https://drive.google.com/user/profile,0
https://spotify.com/login,0
http://tinyurl.com/pxe9r2,1
http://paypal-update-update.cf/confirm,1
http://wellsfargo18-secure.info/secure,1
http://netflix17-verify.info/verify,1
https://stripe.com/login,0
https://cloudflare.com/api/v1/status,0
http://1.88.91.213/verify-account,1
https://microsoft-support.loan/case/28070,1
http://instagram-verify-login.xyz/confirm,1
http://outlook14-verify.info/verify,1
https://web.whatsapp.com/,0
http://wellsfargo-login-confirm.tk/confirm,1
https://microsoft.com/about,0
http://bit.ly/e7atwy,1
http://apple-account-account.cf/confirm,1
https://chase-support.loan/case/22622,1
https://vercel.app/api/v1/status,0
https://coinbase-support.country/case/65725,1
http://coinbase-verify-signin.top/confirm,1
https://microsoft-support.top/case/90492,1
http://209.88.47.30/secure/signin,1
https://facebook-support.xyz/case/34633,1
http://235.158.52.207/secure/signin,1
http://amazon64-verify.info/verify,1
https://docs.google.com/signin,0
http://cutt.ly/fmgz7v,1
http://netflix-login-secure.top/confirm,1
http://53.72.193.181/verify-account,1
https://coinbase-support.ml/case/82358,1
https://bankofamerica-support.ml/case/73499,1
http://wellsfargo-login-secure.ml/confirm,1
https://google.com/blog/2026/update,0
https://promo439.developer.mozilla.org/settings,0
https://paypal-support.xyz/case/17362,1
https://web3.storage/blog/2026/update,0
https://cloudflare.com/signin,0
https://linkedin.com/login,0
https://stripe.com/dashboard,0
https://bit.ly/jgeikaz,0
https://mozilla.org/blog/2026/update,0
http://wellsfargo87-secure.info/secure,1
https://mail.google.com/blog/2026/update,0
http://tinyurl.com/m4i4ca,1
https://promo453.accounts.google.com/blog/2026/update,0
https://npmjs.com/login,0
https://netflix-support.gq/case/52899,1
https://outlook.office.com/careers,0
https://microsoft-support.xyz/case/68860,1
https://coinbase-support.gq/case/92388,1
https://notion.so/support/contact,0
https://outlook-support.xyz/case/39878,1
https://web3.storage/pricing,0
http://cutt.ly/juumkp,1
http://bit.ly/jrzzt7,1
https://promo777.linkedin.com/careers,0
http://wellsfargo-secure-update.click/confirm,1
http://apple-update-confirm.top/confirm,1
http://cutt.ly/yx6t6p,1
https://developer.mozilla.org/dashboard,0
http://cutt.ly/azxjcq,1
http://instagram29-verify.info/verify,1
http://tinyurl.com/4sfjse,1
https://readthedocs.io/user/profile,0
http://bankofamerica-secure-confirm.tk/confirm,1
http://234.152.124.206/update.html,1
http://microsoft99-suspended.info/suspended,1
http://tinyurl.com/y7wgvj,1
http://106.100.200.22/secure/signin,1
http://62.96.126.153/login.php,1
http://111.115.143.143/verify-account,1
https://reddit.com/login,0
http://amazon-login-signin.loan/confirm,1
http://207.110.70.135/secure/signin,1
https://paypal-support.top/case/32463,1
http://netflix25-confirm.info/confirm,1
https://reddit.com/dashboard,0
http://115.81.31.252/update.html,1
https://amazon-support.country/case/60209,1
https://promo929.readthedocs.io/api/v1/status,0
http://apple57-verify.info/verify,1
https://adobe.com/support/contact,0
https://drive.google.com/pricing,0
http://tinyurl.com/prt77f,1
https://amazon-support.gq/case/90065,1
https://promo458.dropbox.com/,0
http://35.50.209.99/update.html,1
https://netflix.com/about,0
http://14.46.204.65/login.php,1
https://atlassian.com/careers,0
http://3.95.52.75/update.html,1
http://69.40.98.183/login.php,1
http://outlook75-confirm.info/confirm,1
http://paypal-update-update.loan/confirm,1
https://promo675.linkedin.com/api/v1/status,0
https://mozilla.org/about,0
https://amazon-support.loan/case/84425,1
http://134.2.97.168/login.php,1
http://tinyurl.com/vyp6sv,1
https://promo949.teams.microsoft.com/api/v1/status,0
https://microsoft-support.xyz/case/41599,1
https://slack.com/signin,0
https://bit.ly/rg7m45h,0
http://apple75-confirm.info/confirm,1
http://apple55-account.info/account,1
https://mozilla.org/support/contact,0
http://cutt.ly/hb6n3d,1
http://amazon-verify-verify.click/confirm,1
https://apple.com/about,0
http://tinyurl.com/bievyb,1
https://slack.com/careers,0
http://coinbase75-suspended.info/suspended,1
https://amazon.com/account,0
https://chase.com/,0
http://bit.ly/eydx3p,1
https://developer.mozilla.org/pricing,0
http://netflix-account-confirm.tk/confirm,1
https://apple-support.click/case/33081,1
https://readthedocs.io/,0
http://bit.ly/kyxwr8,1
http://bit.ly/343utv,1
http://coinbase98-login.info/login,1
http://235.209.20.6/secure/signin,1
https://bankofamerica-support.ml/case/82365,1
https://bit.ly/ybcbksi,0
https://bit.ly/ci4tzsd,0
http://cutt.ly/4e2pbi,1
http://140.229.139.121/secure/signin,1
https://facebook-support.country/case/72424,1
https://accounts.google.com/login,0
https://figma.com/login,0
http://apple59-update.info/update,1
http://88.44.228.97/login.php,1
http://cutt.ly/2cx6ta,1
https://readthedocs.io/settings,0
http://16.213.200.252/login.php,1
http://bit.ly/r2cvwn,1
https://promo529.accounts.google.com/account,0
http://facebook-login-signin.ml/confirm,1
http://bit.ly/t44pt5,1
https://wellsfargo-support.cf/case/16086,1
http://apple62-suspended.info/suspended,1
https://google.com/user/profile,0
http://wellsfargo27-secure.info/secure,1
https://chase-support.ml/case/36143,1
https://paypal.com/account,0
http://outlook-login-account.ml/confirm,1
https://wikipedia.org/dashboard,0
https://microsoft.com/support/contact,0
http://232.166.114.208/verify-account,1
http://amazon76-update.info/update,1
http://26.51.186.149/secure/signin,1
https://outlook.office.com/api/v1/status,0
http://coinbase4-confirm.info/confirm,1
https://apple-support.work/case/59197,1
https://netflix.com/signin,0
http://136.77.106.14/update.html,1
http://219.147.200.248/verify-account,1
http://76.67.233.108/update.html,1
http://148.217.252.205/verify-account,1
https://instagram-support.loan/case/19307,1
http://facebook-update-login.cf/confirm,1
https://outlook.office.com/user/profile,0
http://wellsfargo79-verify.info/verify,1
https://promo323.github.com/docs/getting-started,0
http://bit.ly/3hbhj2,1
https://accounts.google.com/about,0
http://coinbase22-confirm.info/confirm,1
http://69.193.202.42/verify-account,1
http://tinyurl.com/i7xitx,1
https://readthedocs.io/dashboard,0
https://paypal-support.xyz/case/44290,1
https://drive.google.com/careers,0
http://chase-verify-secure.country/confirm,1
http://instagram-account-update.top/confirm,1
http://209.45.224.11/login.php,1
https://chase.com/blog/2026/update,0
http://121.228.50.129/login.php,1
http://tinyurl.com/pvyhnk,1
https://zoom.us/,0
http://1.195.169.97/secure/signin,1
https://salesforce.com/settings,0
https://developer.mozilla.org/api/v1/status,0
http://90.80.88.117/verify-account,1
http://tinyurl.com/pnwtec,1
http://amazon-account-suspended.xyz/confirm,1
https://promo552.wikipedia.org/settings,0
https://bit.ly/kbmphpx,0
http://cutt.ly/smadp8,1
http://microsoft40-verify.info/verify,1
http://instagram19-confirm.info/confirm,1
